{
  "corpus_size": 10000,
  "eval_queries": 3333,
  "grep": {
    "latency": 5655.706570657066,
    "mrr": 0.8883366908119382,
    "recall_1": 0.88,
    "recall_3": 0.88,
    "recall_5": 0.89
  },
  "semantic": {
    "latency": 3759.7731773177316,
    "mrr": 0.9711013958538715,
    "recall_1": 0.95,
    "recall_3": 0.98,
    "recall_5": 0.98
  },
  "semantic_grep": {
    "latency": 5654.608160816081,
    "mrr": 0.9924206706384925,
    "recall_1": 0.98,
    "recall_3": 0.99,
    "recall_5": 0.99
  }
}