{
  "corpus_size": 100000,
  "eval_queries": 33333,
  "hybrid_search": {
    "latency": 7618.843668436684,
    "mrr": 0.9945214452144518,
    "recall_1": 0.99,
    "recall_3": 0.99,
    "recall_5": 0.99
  },
  "pure_lexical": {
    "latency": 7610.026370263703,
    "mrr": 0.9610991109911095,
    "recall_1": 0.95,
    "recall_3": 0.96,
    "recall_5": 0.96
  },
  "pure_semantic": {
    "latency": 323.1687216872169,
    "mrr": 0.9206897068970656,
    "recall_1": 0.88,
    "recall_3": 0.95,
    "recall_5": 0.96
  }
}