{
  "corpus_size": 5000,
  "eval_queries": 1666,
  "grep": {
    "latency": 5861.442977190876,
    "mrr": 0.8922880690737833,
    "recall_1": 0.89,
    "recall_3": 0.89,
    "recall_5": 0.89
  },
  "semantic": {
    "latency": 3456.6794717887155,
    "mrr": 0.7545018007202882,
    "recall_1": 0.75,
    "recall_3": 0.75,
    "recall_5": 0.75
  },
  "semantic_grep": {
    "latency": 5803.617046818727,
    "mrr": 0.9706382553021208,
    "recall_1": 0.96,
    "recall_3": 0.97,
    "recall_5": 0.97
  }
}